{
  "ok": true,
  "process_id": "eec9bf23-e448-46d4-bf41-79984f525c0d",
  "elapsed_sec": 129.0132818222046,
  "macromolecules": [
    {
      "macromolecule_id": "b9deec77-e629-4ee8-887a-8404954ec7b9",
      "receptor_rec": "1cjb_a.pdb",
      "receptor_nome": "1cjb",
      "grid_size": "42 31 34",
      "grid_center": "59.285 33.462 75.224",
      "fld": "/app/files/molecules/falciparum/true/1cjb_apdb/1cjb_a.maps.fld",
      "ligantes": [
        {
          "ligand": "10466307.pdbqt",
          "best_binding_energy": -9.13,
          "best_reference_rmsd": 98.74,
          "best_run": 11,
          "xml": "/app/files/processes/eduardo-1/a2-eec9bf23-e448-46d4-bf41-79984f525c0d/arquivos_dlgs/10466307_1cjb_a.pdb.xml"
        },
        {
          "ligand": "161313.pdbqt",
          "best_binding_energy": -6.21,
          "best_reference_rmsd": 99.86,
          "best_run": 20,
          "xml": "/app/files/processes/eduardo-1/a2-eec9bf23-e448-46d4-bf41-79984f525c0d/arquivos_dlgs/161313_1cjb_a.pdb.xml"
        },
        {
          "ligand": "5280343.pdbqt",
          "best_binding_energy": -11.42,
          "best_reference_rmsd": 98.74,
          "best_run": 16,
          "xml": "/app/files/processes/eduardo-1/a2-eec9bf23-e448-46d4-bf41-79984f525c0d/arquivos_dlgs/5280343_1cjb_a.pdb.xml"
        },
        {
          "ligand": "5280863.pdbqt",
          "best_binding_energy": -10.05,
          "best_reference_rmsd": 98.23,
          "best_run": 16,
          "xml": "/app/files/processes/eduardo-1/a2-eec9bf23-e448-46d4-bf41-79984f525c0d/arquivos_dlgs/5280863_1cjb_a.pdb.xml"
        },
        {
          "ligand": "5281426.pdbqt",
          "best_binding_energy": -7.53,
          "best_reference_rmsd": 100.46,
          "best_run": 19,
          "xml": "/app/files/processes/eduardo-1/a2-eec9bf23-e448-46d4-bf41-79984f525c0d/arquivos_dlgs/5281426_1cjb_a.pdb.xml"
        }
      ],
      "ligantes_ok": 5
    },
    {
      "macromolecule_id": "6a95e12a-bd19-4c53-954c-b8da6ef2c069",
      "receptor_rec": "1g1g_a.pdb",
      "receptor_nome": "1g1g",
      "grid_size": "30 31 32",
      "grid_center": "8.147 5.374 91.635",
      "fld": "/app/files/molecules/falciparum/true/1g1g_apdb/1g1g_a.maps.fld",
      "ligantes": [
        {
          "ligand": "10466307.pdbqt",
          "best_binding_energy": -8.19,
          "best_reference_rmsd": 92.38,
          "best_run": 12,
          "xml": "/app/files/processes/eduardo-1/a2-eec9bf23-e448-46d4-bf41-79984f525c0d/arquivos_dlgs/10466307_1g1g_a.pdb.xml"
        },
        {
          "ligand": "161313.pdbqt",
          "best_binding_energy": -7.58,
          "best_reference_rmsd": 92.7,
          "best_run": 16,
          "xml": "/app/files/processes/eduardo-1/a2-eec9bf23-e448-46d4-bf41-79984f525c0d/arquivos_dlgs/161313_1g1g_a.pdb.xml"
        },
        {
          "ligand": "5280343.pdbqt",
          "best_binding_energy": -10.34,
          "best_reference_rmsd": 92.06,
          "best_run": 11,
          "xml": "/app/files/processes/eduardo-1/a2-eec9bf23-e448-46d4-bf41-79984f525c0d/arquivos_dlgs/5280343_1g1g_a.pdb.xml"
        },
        {
          "ligand": "5280863.pdbqt",
          "best_binding_energy": -10.37,
          "best_reference_rmsd": 92.71,
          "best_run": 8,
          "xml": "/app/files/processes/eduardo-1/a2-eec9bf23-e448-46d4-bf41-79984f525c0d/arquivos_dlgs/5280863_1g1g_a.pdb.xml"
        },
        {
          "ligand": "5281426.pdbqt",
          "best_binding_energy": -7.31,
          "best_reference_rmsd": 93.85,
          "best_run": 5,
          "xml": "/app/files/processes/eduardo-1/a2-eec9bf23-e448-46d4-bf41-79984f525c0d/arquivos_dlgs/5281426_1g1g_a.pdb.xml"
        }
      ],
      "ligantes_ok": 5
    },
    {
      "macromolecule_id": "377e8caa-7f71-4bac-a1f5-7c8a6999c285",
      "receptor_rec": "1lf2_a.pdb",
      "receptor_nome": "1lf2",
      "grid_size": "42 46 39",
      "grid_center": "31.829 33.951 14.300",
      "fld": "/app/files/molecules/falciparum/true/1lf2_apdb/1lf2_a.maps.fld",
      "ligantes": [
        {
          "ligand": "10466307.pdbqt",
          "best_binding_energy": -7.68,
          "best_reference_rmsd": 47.55,
          "best_run": 16,
          "xml": "/app/files/processes/eduardo-1/a2-eec9bf23-e448-46d4-bf41-79984f525c0d/arquivos_dlgs/10466307_1lf2_a.pdb.xml"
        },
        {
          "ligand": "161313.pdbqt",
          "best_binding_energy": -6.47,
          "best_reference_rmsd": 46.25,
          "best_run": 1,
          "xml": "/app/files/processes/eduardo-1/a2-eec9bf23-e448-46d4-bf41-79984f525c0d/arquivos_dlgs/161313_1lf2_a.pdb.xml"
        },
        {
          "ligand": "5280343.pdbqt",
          "best_binding_energy": -8.36,
          "best_reference_rmsd": 47.29,
          "best_run": 13,
          "xml": "/app/files/processes/eduardo-1/a2-eec9bf23-e448-46d4-bf41-79984f525c0d/arquivos_dlgs/5280343_1lf2_a.pdb.xml"
        },
        {
          "ligand": "5280863.pdbqt",
          "best_binding_energy": -7.64,
          "best_reference_rmsd": 46.94,
          "best_run": 10,
          "xml": "/app/files/processes/eduardo-1/a2-eec9bf23-e448-46d4-bf41-79984f525c0d/arquivos_dlgs/5280863_1lf2_a.pdb.xml"
        },
        {
          "ligand": "5281426.pdbqt",
          "best_binding_energy": -5.8,
          "best_reference_rmsd": 48.63,
          "best_run": 20,
          "xml": "/app/files/processes/eduardo-1/a2-eec9bf23-e448-46d4-bf41-79984f525c0d/arquivos_dlgs/5281426_1lf2_a.pdb.xml"
        }
      ],
      "ligantes_ok": 5
    },
    {
      "macromolecule_id": "a3b297d4-23fd-4be6-9f42-35ec21ddecc7",
      "receptor_rec": "1lyx_a.pdb",
      "receptor_nome": "1lyx",
      "grid_size": "25 29 30",
      "grid_center": "20.766 -1.407 7.395",
      "fld": "/app/files/molecules/falciparum/true/1lyx_apdb/1lyx_a.maps.fld",
      "ligantes": [
        {
          "ligand": "10466307.pdbqt",
          "best_binding_energy": -7.54,
          "best_reference_rmsd": 19.5,
          "best_run": 5,
          "xml": "/app/files/processes/eduardo-1/a2-eec9bf23-e448-46d4-bf41-79984f525c0d/arquivos_dlgs/10466307_1lyx_a.pdb.xml"
        },
        {
          "ligand": "161313.pdbqt",
          "best_binding_energy": -4.67,
          "best_reference_rmsd": 19.91,
          "best_run": 2,
          "xml": "/app/files/processes/eduardo-1/a2-eec9bf23-e448-46d4-bf41-79984f525c0d/arquivos_dlgs/161313_1lyx_a.pdb.xml"
        },
        {
          "ligand": "5280343.pdbqt",
          "best_binding_energy": 0.19,
          "best_reference_rmsd": 17.41,
          "best_run": 9,
          "xml": "/app/files/processes/eduardo-1/a2-eec9bf23-e448-46d4-bf41-79984f525c0d/arquivos_dlgs/5280343_1lyx_a.pdb.xml"
        },
        {
          "ligand": "5280863.pdbqt",
          "best_binding_energy": -4.99,
          "best_reference_rmsd": 17.17,
          "best_run": 9,
          "xml": "/app/files/processes/eduardo-1/a2-eec9bf23-e448-46d4-bf41-79984f525c0d/arquivos_dlgs/5280863_1lyx_a.pdb.xml"
        },
        {
          "ligand": "5281426.pdbqt",
          "best_binding_energy": -7.68,
          "best_reference_rmsd": 19.49,
          "best_run": 7,
          "xml": "/app/files/processes/eduardo-1/a2-eec9bf23-e448-46d4-bf41-79984f525c0d/arquivos_dlgs/5281426_1lyx_a.pdb.xml"
        }
      ],
      "ligantes_ok": 5
    },
    {
      "macromolecule_id": "2b5677df-5368-4814-9888-18e217c59b4d",
      "receptor_rec": "1p9b_a.pdb",
      "receptor_nome": "1p9b",
      "grid_size": "35 37 35",
      "grid_center": "30.987 86.449 24.892",
      "fld": "/app/files/molecules/falciparum/true/1p9b_apdb/1p9b_a.maps.fld",
      "ligantes": [
        {
          "ligand": "10466307.pdbqt",
          "best_binding_energy": -8.89,
          "best_reference_rmsd": 90.0,
          "best_run": 19,
          "xml": "/app/files/processes/eduardo-1/a2-eec9bf23-e448-46d4-bf41-79984f525c0d/arquivos_dlgs/10466307_1p9b_a.pdb.xml"
        },
        {
          "ligand": "161313.pdbqt",
          "best_binding_energy": -9.26,
          "best_reference_rmsd": 92.46,
          "best_run": 13,
          "xml": "/app/files/processes/eduardo-1/a2-eec9bf23-e448-46d4-bf41-79984f525c0d/arquivos_dlgs/161313_1p9b_a.pdb.xml"
        },
        {
          "ligand": "5280343.pdbqt",
          "best_binding_energy": -13.27,
          "best_reference_rmsd": 91.05,
          "best_run": 4,
          "xml": "/app/files/processes/eduardo-1/a2-eec9bf23-e448-46d4-bf41-79984f525c0d/arquivos_dlgs/5280343_1p9b_a.pdb.xml"
        },
        {
          "ligand": "5280863.pdbqt",
          "best_binding_energy": -12.17,
          "best_reference_rmsd": 91.29,
          "best_run": 15,
          "xml": "/app/files/processes/eduardo-1/a2-eec9bf23-e448-46d4-bf41-79984f525c0d/arquivos_dlgs/5280863_1p9b_a.pdb.xml"
        },
        {
          "ligand": "5281426.pdbqt",
          "best_binding_energy": -8.02,
          "best_reference_rmsd": 90.45,
          "best_run": 17,
          "xml": "/app/files/processes/eduardo-1/a2-eec9bf23-e448-46d4-bf41-79984f525c0d/arquivos_dlgs/5281426_1p9b_a.pdb.xml"
        }
      ],
      "ligantes_ok": 5
    },
    {
      "macromolecule_id": "36b3e202-a263-4c7a-90b3-94839d5259f0",
      "receptor_rec": "1q4j_ab.pdb",
      "receptor_nome": "1q4j",
      "grid_size": "32 38 34",
      "grid_center": "9.867 -0.219 20.359",
      "fld": "/app/files/molecules/falciparum/true/1q4j_abpdb/1q4j_ab.maps.fld",
      "ligantes": [
        {
          "ligand": "10466307.pdbqt",
          "best_binding_energy": -7.93,
          "best_reference_rmsd": 18.79,
          "best_run": 15,
          "xml": "/app/files/processes/eduardo-1/a2-eec9bf23-e448-46d4-bf41-79984f525c0d/arquivos_dlgs/10466307_1q4j_ab.pdb.xml"
        },
        {
          "ligand": "161313.pdbqt",
          "best_binding_energy": -8.38,
          "best_reference_rmsd": 18.69,
          "best_run": 3,
          "xml": "/app/files/processes/eduardo-1/a2-eec9bf23-e448-46d4-bf41-79984f525c0d/arquivos_dlgs/161313_1q4j_ab.pdb.xml"
        },
        {
          "ligand": "5280343.pdbqt",
          "best_binding_energy": -9.63,
          "best_reference_rmsd": 16.45,
          "best_run": 4,
          "xml": "/app/files/processes/eduardo-1/a2-eec9bf23-e448-46d4-bf41-79984f525c0d/arquivos_dlgs/5280343_1q4j_ab.pdb.xml"
        },
        {
          "ligand": "5280863.pdbqt",
          "best_binding_energy": -9.14,
          "best_reference_rmsd": 16.28,
          "best_run": 12,
          "xml": "/app/files/processes/eduardo-1/a2-eec9bf23-e448-46d4-bf41-79984f525c0d/arquivos_dlgs/5280863_1q4j_ab.pdb.xml"
        },
        {
          "ligand": "5281426.pdbqt",
          "best_binding_energy": -6.5,
          "best_reference_rmsd": 19.44,
          "best_run": 3,
          "xml": "/app/files/processes/eduardo-1/a2-eec9bf23-e448-46d4-bf41-79984f525c0d/arquivos_dlgs/5281426_1q4j_ab.pdb.xml"
        }
      ],
      "ligantes_ok": 5
    },
    {
      "macromolecule_id": "2f82a475-16da-4511-adab-aa51cd198cbb",
      "receptor_rec": "1t26_A.pdb",
      "receptor_nome": "1t26",
      "grid_size": "30 30 34",
      "grid_center": "25.339 19.289 5.559",
      "fld": "/app/files/molecules/falciparum/true/1t26_apdb",
      "ligantes": [],
      "error": "fld_error: Nenhum .maps.fld encontrado em /app/files/molecules/falciparum/true/1t26_apdb"
    },
    {
      "macromolecule_id": "79c3c151-f30d-4dcc-8bb9-cd4a66b64758",
      "receptor_rec": "1vyq_ab.pdb",
      "receptor_nome": "1vyq",
      "grid_size": "42 31 34",
      "grid_center": "38.113 -10.902 -9.252",
      "fld": "/app/files/molecules/falciparum/true/1vyq_abpdb/1vyq_ab.maps.fld",
      "ligantes": [
        {
          "ligand": "10466307.pdbqt",
          "best_binding_energy": -8.09,
          "best_reference_rmsd": 36.31,
          "best_run": 3,
          "xml": "/app/files/processes/eduardo-1/a2-eec9bf23-e448-46d4-bf41-79984f525c0d/arquivos_dlgs/10466307_1vyq_ab.pdb.xml"
        },
        {
          "ligand": "161313.pdbqt",
          "best_binding_energy": -6.54,
          "best_reference_rmsd": 36.64,
          "best_run": 11,
          "xml": "/app/files/processes/eduardo-1/a2-eec9bf23-e448-46d4-bf41-79984f525c0d/arquivos_dlgs/161313_1vyq_ab.pdb.xml"
        },
        {
          "ligand": "5280343.pdbqt",
          "best_binding_energy": -9.37,
          "best_reference_rmsd": 33.39,
          "best_run": 2,
          "xml": "/app/files/processes/eduardo-1/a2-eec9bf23-e448-46d4-bf41-79984f525c0d/arquivos_dlgs/5280343_1vyq_ab.pdb.xml"
        },
        {
          "ligand": "5280863.pdbqt",
          "best_binding_energy": -8.95,
          "best_reference_rmsd": 33.37,
          "best_run": 5,
          "xml": "/app/files/processes/eduardo-1/a2-eec9bf23-e448-46d4-bf41-79984f525c0d/arquivos_dlgs/5280863_1vyq_ab.pdb.xml"
        },
        {
          "ligand": "5281426.pdbqt",
          "best_binding_energy": -6.48,
          "best_reference_rmsd": 36.91,
          "best_run": 13,
          "xml": "/app/files/processes/eduardo-1/a2-eec9bf23-e448-46d4-bf41-79984f525c0d/arquivos_dlgs/5281426_1vyq_ab.pdb.xml"
        }
      ],
      "ligantes_ok": 5
    },
    {
      "macromolecule_id": "3f7ec637-6055-4e6c-926c-9fad6f866fa6",
      "receptor_rec": "2i7c_a.pdb",
      "receptor_nome": "2i7c",
      "grid_size": "47 30 33",
      "grid_center": "16.742 115.486 27.654",
      "fld": "/app/files/molecules/falciparum/true/2i7c_apdb",
      "ligantes": [],
      "error": "fld_error: Nenhum .maps.fld encontrado em /app/files/molecules/falciparum/true/2i7c_apdb"
    },
    {
      "macromolecule_id": "dd3cf55a-059d-46eb-b863-8dbeaca833b6",
      "receptor_rec": "2wwf_a.pdb",
      "receptor_nome": "2wwf",
      "grid_size": "31 25 30",
      "grid_center": "8.321 -12.705 -5.742",
      "fld": "/app/files/molecules/falciparum/true/2wwf_apdb",
      "ligantes": [],
      "error": "fld_error: Nenhum .maps.fld encontrado em /app/files/molecules/falciparum/true/2wwf_apdb"
    },
    {
      "macromolecule_id": "264e70cd-7456-4840-8384-85f26ea6f504",
      "receptor_rec": "3bwk_bd.pdb",
      "receptor_nome": "3bwk",
      "grid_size": "45 44 36",
      "grid_center": "-8.868 -24.651 9.993",
      "fld": "/app/files/molecules/falciparum/true/3bwk_bdpdb/3bwk_bd.maps.fld",
      "ligantes": [
        {
          "ligand": "10466307.pdbqt",
          "best_binding_energy": -6.72,
          "best_reference_rmsd": 20.23,
          "best_run": 16,
          "xml": "/app/files/processes/eduardo-1/a2-eec9bf23-e448-46d4-bf41-79984f525c0d/arquivos_dlgs/10466307_3bwk_bd.pdb.xml"
        },
        {
          "ligand": "161313.pdbqt",
          "best_binding_energy": -6.49,
          "best_reference_rmsd": 24.73,
          "best_run": 19,
          "xml": "/app/files/processes/eduardo-1/a2-eec9bf23-e448-46d4-bf41-79984f525c0d/arquivos_dlgs/161313_3bwk_bd.pdb.xml"
        },
        {
          "ligand": "5280343.pdbqt",
          "best_binding_energy": -7.66,
          "best_reference_rmsd": 22.45,
          "best_run": 1,
          "xml": "/app/files/processes/eduardo-1/a2-eec9bf23-e448-46d4-bf41-79984f525c0d/arquivos_dlgs/5280343_3bwk_bd.pdb.xml"
        },
        {
          "ligand": "5280863.pdbqt",
          "best_binding_energy": -7.45,
          "best_reference_rmsd": 21.36,
          "best_run": 15,
          "xml": "/app/files/processes/eduardo-1/a2-eec9bf23-e448-46d4-bf41-79984f525c0d/arquivos_dlgs/5280863_3bwk_bd.pdb.xml"
        },
        {
          "ligand": "5281426.pdbqt",
          "best_binding_energy": -5.76,
          "best_reference_rmsd": 21.76,
          "best_run": 20,
          "xml": "/app/files/processes/eduardo-1/a2-eec9bf23-e448-46d4-bf41-79984f525c0d/arquivos_dlgs/5281426_3bwk_bd.pdb.xml"
        }
      ],
      "ligantes_ok": 5
    },
    {
      "macromolecule_id": "d1b84518-ebe2-40d3-80b0-0613f6177dfc",
      "receptor_rec": "3pr3_a.pdb",
      "receptor_nome": "3pr3",
      "grid_size": "30 32 30",
      "grid_center": "14.451 12.159 13.696",
      "fld": "/app/files/molecules/falciparum/true/3pr3_apdb/3pr3_a.maps.fld",
      "ligantes": [
        {
          "ligand": "10466307.pdbqt",
          "best_binding_energy": -7.54,
          "best_reference_rmsd": 19.09,
          "best_run": 16,
          "xml": "/app/files/processes/eduardo-1/a2-eec9bf23-e448-46d4-bf41-79984f525c0d/arquivos_dlgs/10466307_3pr3_a.pdb.xml"
        },
        {
          "ligand": "161313.pdbqt",
          "best_binding_energy": -5.26,
          "best_reference_rmsd": 20.65,
          "best_run": 4,
          "xml": "/app/files/processes/eduardo-1/a2-eec9bf23-e448-46d4-bf41-79984f525c0d/arquivos_dlgs/161313_3pr3_a.pdb.xml"
        },
        {
          "ligand": "5280343.pdbqt",
          "best_binding_energy": -7.02,
          "best_reference_rmsd": 20.37,
          "best_run": 15,
          "xml": "/app/files/processes/eduardo-1/a2-eec9bf23-e448-46d4-bf41-79984f525c0d/arquivos_dlgs/5280343_3pr3_a.pdb.xml"
        },
        {
          "ligand": "5280863.pdbqt",
          "best_binding_energy": -7.08,
          "best_reference_rmsd": 19.73,
          "best_run": 19,
          "xml": "/app/files/processes/eduardo-1/a2-eec9bf23-e448-46d4-bf41-79984f525c0d/arquivos_dlgs/5280863_3pr3_a.pdb.xml"
        },
        {
          "ligand": "5281426.pdbqt",
          "best_binding_energy": -6.0,
          "best_reference_rmsd": 20.87,
          "best_run": 17,
          "xml": "/app/files/processes/eduardo-1/a2-eec9bf23-e448-46d4-bf41-79984f525c0d/arquivos_dlgs/5281426_3pr3_a.pdb.xml"
        }
      ],
      "ligantes_ok": 5
    },
    {
      "macromolecule_id": "5bbb528b-ce00-4052-a408-e121e39eb5a8",
      "receptor_rec": "3qgt_A.pdb",
      "receptor_nome": "3qgt",
      "grid_size": "30 31 35",
      "grid_center": "28.409 5.895 58.672",
      "fld": "/app/files/molecules/falciparum/true/3qgt_apdb/3qgt_A.maps.fld",
      "ligantes": [
        {
          "ligand": "10466307.pdbqt",
          "best_binding_energy": -8.21,
          "best_reference_rmsd": 61.98,
          "best_run": 16,
          "xml": "/app/files/processes/eduardo-1/a2-eec9bf23-e448-46d4-bf41-79984f525c0d/arquivos_dlgs/10466307_3qgt_A.pdb.xml"
        },
        {
          "ligand": "161313.pdbqt",
          "best_binding_energy": -7.95,
          "best_reference_rmsd": 63.32,
          "best_run": 5,
          "xml": "/app/files/processes/eduardo-1/a2-eec9bf23-e448-46d4-bf41-79984f525c0d/arquivos_dlgs/161313_3qgt_A.pdb.xml"
        },
        {
          "ligand": "5280343.pdbqt",
          "best_binding_energy": -9.31,
          "best_reference_rmsd": 62.51,
          "best_run": 12,
          "xml": "/app/files/processes/eduardo-1/a2-eec9bf23-e448-46d4-bf41-79984f525c0d/arquivos_dlgs/5280343_3qgt_A.pdb.xml"
        },
        {
          "ligand": "5280863.pdbqt",
          "best_binding_energy": -9.94,
          "best_reference_rmsd": 63.74,
          "best_run": 5,
          "xml": "/app/files/processes/eduardo-1/a2-eec9bf23-e448-46d4-bf41-79984f525c0d/arquivos_dlgs/5280863_3qgt_A.pdb.xml"
        },
        {
          "ligand": "5281426.pdbqt",
          "best_binding_energy": -6.66,
          "best_reference_rmsd": 63.56,
          "best_run": 18,
          "xml": "/app/files/processes/eduardo-1/a2-eec9bf23-e448-46d4-bf41-79984f525c0d/arquivos_dlgs/5281426_3qgt_A.pdb.xml"
        }
      ],
      "ligantes_ok": 5
    },
    {
      "macromolecule_id": "82916b72-870e-423a-a18c-664c55fb509d",
      "receptor_rec": "3qs1_a.pdb",
      "receptor_nome": "3qs1",
      "grid_size": "47 31 37",
      "grid_center": "27.528 -9.829 4.902",
      "fld": "/app/files/molecules/falciparum/true/3qs1_apdb/3qs1_a.maps.fld",
      "ligantes": [
        {
          "ligand": "10466307.pdbqt",
          "best_binding_energy": -7.61,
          "best_reference_rmsd": 31.82,
          "best_run": 2,
          "xml": "/app/files/processes/eduardo-1/a2-eec9bf23-e448-46d4-bf41-79984f525c0d/arquivos_dlgs/10466307_3qs1_a.pdb.xml"
        },
        {
          "ligand": "161313.pdbqt",
          "best_binding_energy": -6.86,
          "best_reference_rmsd": 30.17,
          "best_run": 13,
          "xml": "/app/files/processes/eduardo-1/a2-eec9bf23-e448-46d4-bf41-79984f525c0d/arquivos_dlgs/161313_3qs1_a.pdb.xml"
        },
        {
          "ligand": "5280343.pdbqt",
          "best_binding_energy": -8.64,
          "best_reference_rmsd": 27.46,
          "best_run": 8,
          "xml": "/app/files/processes/eduardo-1/a2-eec9bf23-e448-46d4-bf41-79984f525c0d/arquivos_dlgs/5280343_3qs1_a.pdb.xml"
        },
        {
          "ligand": "5280863.pdbqt",
          "best_binding_energy": -7.66,
          "best_reference_rmsd": 26.98,
          "best_run": 12,
          "xml": "/app/files/processes/eduardo-1/a2-eec9bf23-e448-46d4-bf41-79984f525c0d/arquivos_dlgs/5280863_3qs1_a.pdb.xml"
        },
        {
          "ligand": "5281426.pdbqt",
          "best_binding_energy": -6.22,
          "best_reference_rmsd": 31.34,
          "best_run": 17,
          "xml": "/app/files/processes/eduardo-1/a2-eec9bf23-e448-46d4-bf41-79984f525c0d/arquivos_dlgs/5281426_3qs1_a.pdb.xml"
        }
      ],
      "ligantes_ok": 5
    },
    {
      "macromolecule_id": "88146f28-9dad-427b-b477-daa2a6771195",
      "receptor_rec": "3qvi_a.pdb",
      "receptor_nome": "3qvi",
      "grid_size": "40 35 32",
      "grid_center": "14.777 -16.814 3.820",
      "fld": "/app/files/molecules/falciparum/true/3qvi_apdb",
      "ligantes": [],
      "error": "fld_error: Nenhum .maps.fld encontrado em /app/files/molecules/falciparum/true/3qvi_apdb"
    },
    {
      "macromolecule_id": "27ec6270-6716-4c9e-a275-d04d33b45d53",
      "receptor_rec": "3sl1_A.pdb",
      "receptor_nome": "3sl1",
      "grid_size": "35 31 30",
      "grid_center": "38.572 -16.931 24.030",
      "fld": "/app/files/molecules/falciparum/true/3sl1_apdb",
      "ligantes": [],
      "error": "fld_error: Nenhum .maps.fld encontrado em /app/files/molecules/falciparum/true/3sl1_apdb"
    },
    {
      "macromolecule_id": "1d789e9f-f128-4a83-973c-19cb87a663b8",
      "receptor_rec": "3uj8_A.pdb",
      "receptor_nome": "3uj8",
      "grid_size": "53 40 38",
      "grid_center": "24.721 18.064 17.545",
      "fld": "/app/files/molecules/falciparum/true/3uj8_apdb",
      "ligantes": [],
      "error": "fld_error: Nenhum .maps.fld encontrado em /app/files/molecules/falciparum/true/3uj8_apdb"
    },
    {
      "macromolecule_id": "fc8a43be-6c9b-44ca-90b3-13a1ce834e96",
      "receptor_rec": "3vi2_a.pdb",
      "receptor_nome": "3vi2",
      "grid_size": "32 34 30",
      "grid_center": "20.517 33.990 13.690",
      "fld": "/app/files/molecules/falciparum/true/3vi2_apdb/3vi2_a.maps.fld",
      "ligantes": [
        {
          "ligand": "10466307.pdbqt",
          "best_binding_energy": -8.03,
          "best_reference_rmsd": 40.24,
          "best_run": 15,
          "xml": "/app/files/processes/eduardo-1/a2-eec9bf23-e448-46d4-bf41-79984f525c0d/arquivos_dlgs/10466307_3vi2_a.pdb.xml"
        },
        {
          "ligand": "161313.pdbqt",
          "best_binding_energy": -5.48,
          "best_reference_rmsd": 38.32,
          "best_run": 3,
          "xml": "/app/files/processes/eduardo-1/a2-eec9bf23-e448-46d4-bf41-79984f525c0d/arquivos_dlgs/161313_3vi2_a.pdb.xml"
        },
        {
          "ligand": "5280343.pdbqt",
          "best_binding_energy": -7.9,
          "best_reference_rmsd": 37.55,
          "best_run": 8,
          "xml": "/app/files/processes/eduardo-1/a2-eec9bf23-e448-46d4-bf41-79984f525c0d/arquivos_dlgs/5280343_3vi2_a.pdb.xml"
        },
        {
          "ligand": "5280863.pdbqt",
          "best_binding_energy": -7.46,
          "best_reference_rmsd": 37.7,
          "best_run": 2,
          "xml": "/app/files/processes/eduardo-1/a2-eec9bf23-e448-46d4-bf41-79984f525c0d/arquivos_dlgs/5280863_3vi2_a.pdb.xml"
        },
        {
          "ligand": "5281426.pdbqt",
          "best_binding_energy": -6.61,
          "best_reference_rmsd": 42.46,
          "best_run": 8,
          "xml": "/app/files/processes/eduardo-1/a2-eec9bf23-e448-46d4-bf41-79984f525c0d/arquivos_dlgs/5281426_3vi2_a.pdb.xml"
        }
      ],
      "ligantes_ok": 5
    },
    {
      "macromolecule_id": "7ed0de1c-5578-47e4-a42e-7133925bc5bf",
      "receptor_rec": "4j56_a.pdb",
      "receptor_nome": "4j56",
      "grid_size": "70 38 34",
      "grid_center": "-31.193 -108.475 197.785",
      "fld": "/app/files/molecules/falciparum/true/4j56_apdb/4j56_a.maps.fld",
      "ligantes": [
        {
          "ligand": "10466307.pdbqt",
          "best_binding_energy": -9.36,
          "best_reference_rmsd": 223.24,
          "best_run": 14,
          "xml": "/app/files/processes/eduardo-1/a2-eec9bf23-e448-46d4-bf41-79984f525c0d/arquivos_dlgs/10466307_4j56_a.pdb.xml"
        },
        {
          "ligand": "161313.pdbqt",
          "best_binding_energy": -8.87,
          "best_reference_rmsd": 227.4,
          "best_run": 9,
          "xml": "/app/files/processes/eduardo-1/a2-eec9bf23-e448-46d4-bf41-79984f525c0d/arquivos_dlgs/161313_4j56_a.pdb.xml"
        },
        {
          "ligand": "5280343.pdbqt",
          "best_binding_energy": -10.72,
          "best_reference_rmsd": 225.44,
          "best_run": 11,
          "xml": "/app/files/processes/eduardo-1/a2-eec9bf23-e448-46d4-bf41-79984f525c0d/arquivos_dlgs/5280343_4j56_a.pdb.xml"
        },
        {
          "ligand": "5280863.pdbqt",
          "best_binding_energy": -10.54,
          "best_reference_rmsd": 225.51,
          "best_run": 9,
          "xml": "/app/files/processes/eduardo-1/a2-eec9bf23-e448-46d4-bf41-79984f525c0d/arquivos_dlgs/5280863_4j56_a.pdb.xml"
        },
        {
          "ligand": "5281426.pdbqt",
          "best_binding_energy": -7.0,
          "best_reference_rmsd": 224.76,
          "best_run": 11,
          "xml": "/app/files/processes/eduardo-1/a2-eec9bf23-e448-46d4-bf41-79984f525c0d/arquivos_dlgs/5281426_4j56_a.pdb.xml"
        }
      ],
      "ligantes_ok": 5
    },
    {
      "macromolecule_id": "b7551a54-f452-44c0-8e8a-2e0dd8ae21c1",
      "receptor_rec": "4j75_a.pdb",
      "receptor_nome": "4j75",
      "grid_size": "31 49 30",
      "grid_center": "21.780 12.940 -0.060",
      "fld": "/app/files/molecules/falciparum/true/4j75_apdb/4j75_a.maps.fld",
      "ligantes": [
        {
          "ligand": "10466307.pdbqt",
          "best_binding_energy": -8.56,
          "best_reference_rmsd": 22.32,
          "best_run": 2,
          "xml": "/app/files/processes/eduardo-1/a2-eec9bf23-e448-46d4-bf41-79984f525c0d/arquivos_dlgs/10466307_4j75_a.pdb.xml"
        },
        {
          "ligand": "161313.pdbqt",
          "best_binding_energy": -8.49,
          "best_reference_rmsd": 21.22,
          "best_run": 17,
          "xml": "/app/files/processes/eduardo-1/a2-eec9bf23-e448-46d4-bf41-79984f525c0d/arquivos_dlgs/161313_4j75_a.pdb.xml"
        },
        {
          "ligand": "5280343.pdbqt",
          "best_binding_energy": -10.66,
          "best_reference_rmsd": 19.86,
          "best_run": 14,
          "xml": "/app/files/processes/eduardo-1/a2-eec9bf23-e448-46d4-bf41-79984f525c0d/arquivos_dlgs/5280343_4j75_a.pdb.xml"
        },
        {
          "ligand": "5280863.pdbqt",
          "best_binding_energy": -10.26,
          "best_reference_rmsd": 19.53,
          "best_run": 16,
          "xml": "/app/files/processes/eduardo-1/a2-eec9bf23-e448-46d4-bf41-79984f525c0d/arquivos_dlgs/5280863_4j75_a.pdb.xml"
        },
        {
          "ligand": "5281426.pdbqt",
          "best_binding_energy": -7.84,
          "best_reference_rmsd": 21.13,
          "best_run": 1,
          "xml": "/app/files/processes/eduardo-1/a2-eec9bf23-e448-46d4-bf41-79984f525c0d/arquivos_dlgs/5281426_4j75_a.pdb.xml"
        }
      ],
      "ligantes_ok": 5
    },
    {
      "macromolecule_id": "006975ba-86ce-4a86-a0f1-c018789137a2",
      "receptor_rec": "4jfa_a.pdb",
      "receptor_nome": "4jfa",
      "grid_size": "27 28 30",
      "grid_center": "15.178 16.624 21.443",
      "fld": "/app/files/molecules/falciparum/true/4jfa_apdb/4jfa_a.maps.fld",
      "ligantes": [
        {
          "ligand": "10466307.pdbqt",
          "best_binding_energy": -8.46,
          "best_reference_rmsd": 27.65,
          "best_run": 17,
          "xml": "/app/files/processes/eduardo-1/a2-eec9bf23-e448-46d4-bf41-79984f525c0d/arquivos_dlgs/10466307_4jfa_a.pdb.xml"
        },
        {
          "ligand": "161313.pdbqt",
          "best_binding_energy": -3.27,
          "best_reference_rmsd": 29.12,
          "best_run": 1,
          "xml": "/app/files/processes/eduardo-1/a2-eec9bf23-e448-46d4-bf41-79984f525c0d/arquivos_dlgs/161313_4jfa_a.pdb.xml"
        },
        {
          "ligand": "5280343.pdbqt",
          "best_binding_energy": 30.69,
          "best_reference_rmsd": 27.01,
          "best_run": 4,
          "xml": "/app/files/processes/eduardo-1/a2-eec9bf23-e448-46d4-bf41-79984f525c0d/arquivos_dlgs/5280343_4jfa_a.pdb.xml"
        },
        {
          "ligand": "5280863.pdbqt",
          "best_binding_energy": 38.64,
          "best_reference_rmsd": 27.63,
          "best_run": 18,
          "xml": "/app/files/processes/eduardo-1/a2-eec9bf23-e448-46d4-bf41-79984f525c0d/arquivos_dlgs/5280863_4jfa_a.pdb.xml"
        },
        {
          "ligand": "5281426.pdbqt",
          "best_binding_energy": -7.8,
          "best_reference_rmsd": 26.7,
          "best_run": 15,
          "xml": "/app/files/processes/eduardo-1/a2-eec9bf23-e448-46d4-bf41-79984f525c0d/arquivos_dlgs/5281426_4jfa_a.pdb.xml"
        }
      ],
      "ligantes_ok": 5
    },
    {
      "macromolecule_id": "e9a4eafe-616d-4fe5-8847-bc6533387db3",
      "receptor_rec": "4pg3_a.pdb",
      "receptor_nome": "4pg3",
      "grid_size": "42 31 34",
      "grid_center": "-46.774 35.197 -9.363",
      "fld": "/app/files/molecules/falciparum/true/4pg3_apdb/4pg3_a.maps.fld",
      "ligantes": [
        {
          "ligand": "10466307.pdbqt",
          "best_binding_energy": -7.94,
          "best_reference_rmsd": 58.2,
          "best_run": 1,
          "xml": "/app/files/processes/eduardo-1/a2-eec9bf23-e448-46d4-bf41-79984f525c0d/arquivos_dlgs/10466307_4pg3_a.pdb.xml"
        },
        {
          "ligand": "161313.pdbqt",
          "best_binding_energy": -8.05,
          "best_reference_rmsd": 57.08,
          "best_run": 7,
          "xml": "/app/files/processes/eduardo-1/a2-eec9bf23-e448-46d4-bf41-79984f525c0d/arquivos_dlgs/161313_4pg3_a.pdb.xml"
        },
        {
          "ligand": "5280343.pdbqt",
          "best_binding_energy": -11.44,
          "best_reference_rmsd": 55.82,
          "best_run": 11,
          "xml": "/app/files/processes/eduardo-1/a2-eec9bf23-e448-46d4-bf41-79984f525c0d/arquivos_dlgs/5280343_4pg3_a.pdb.xml"
        },
        {
          "ligand": "5280863.pdbqt",
          "best_binding_energy": -9.79,
          "best_reference_rmsd": 55.28,
          "best_run": 15,
          "xml": "/app/files/processes/eduardo-1/a2-eec9bf23-e448-46d4-bf41-79984f525c0d/arquivos_dlgs/5280863_4pg3_a.pdb.xml"
        },
        {
          "ligand": "5281426.pdbqt",
          "best_binding_energy": -7.41,
          "best_reference_rmsd": 55.38,
          "best_run": 13,
          "xml": "/app/files/processes/eduardo-1/a2-eec9bf23-e448-46d4-bf41-79984f525c0d/arquivos_dlgs/5281426_4pg3_a.pdb.xml"
        }
      ],
      "ligantes_ok": 5
    },
    {
      "macromolecule_id": "34d4ffd7-518d-4744-9876-50d89cbb35f5",
      "receptor_rec": "4tr9_a.pdb",
      "receptor_nome": "4tr9",
      "grid_size": "41 30 30",
      "grid_center": "-8.496 -14.834 26.615",
      "fld": "/app/files/molecules/falciparum/true/4tr9_apdb",
      "ligantes": [],
      "error": "fld_error: Nenhum .maps.fld encontrado em /app/files/molecules/falciparum/true/4tr9_apdb"
    },
    {
      "macromolecule_id": "1ffeec72-ae65-4a6c-a6f2-5bf3e8c697df",
      "receptor_rec": "4zcs_a.pdb",
      "receptor_nome": "4zcs",
      "grid_size": "35 40 53",
      "grid_center": "12.825 39.857 72.148",
      "fld": "/app/files/molecules/falciparum/true/4zcs_apdb/4zcs_a.maps.fld",
      "ligantes": [
        {
          "ligand": "10466307.pdbqt",
          "best_binding_energy": -8.15,
          "best_reference_rmsd": 80.4,
          "best_run": 10,
          "xml": "/app/files/processes/eduardo-1/a2-eec9bf23-e448-46d4-bf41-79984f525c0d/arquivos_dlgs/10466307_4zcs_a.pdb.xml"
        },
        {
          "ligand": "161313.pdbqt",
          "best_binding_energy": -7.98,
          "best_reference_rmsd": 79.08,
          "best_run": 14,
          "xml": "/app/files/processes/eduardo-1/a2-eec9bf23-e448-46d4-bf41-79984f525c0d/arquivos_dlgs/161313_4zcs_a.pdb.xml"
        },
        {
          "ligand": "5280343.pdbqt",
          "best_binding_energy": -9.52,
          "best_reference_rmsd": 80.39,
          "best_run": 1,
          "xml": "/app/files/processes/eduardo-1/a2-eec9bf23-e448-46d4-bf41-79984f525c0d/arquivos_dlgs/5280343_4zcs_a.pdb.xml"
        },
        {
          "ligand": "5280863.pdbqt",
          "best_binding_energy": -8.95,
          "best_reference_rmsd": 80.43,
          "best_run": 11,
          "xml": "/app/files/processes/eduardo-1/a2-eec9bf23-e448-46d4-bf41-79984f525c0d/arquivos_dlgs/5280863_4zcs_a.pdb.xml"
        },
        {
          "ligand": "5281426.pdbqt",
          "best_binding_energy": -6.79,
          "best_reference_rmsd": 87.38,
          "best_run": 11,
          "xml": "/app/files/processes/eduardo-1/a2-eec9bf23-e448-46d4-bf41-79984f525c0d/arquivos_dlgs/5281426_4zcs_a.pdb.xml"
        }
      ],
      "ligantes_ok": 5
    },
    {
      "macromolecule_id": "15acc129-2221-49b6-9c52-c65257d42750",
      "receptor_rec": "5boo_A_alosterico.pdb",
      "receptor_nome": "5boo_A_alosterico",
      "grid_size": "45 45 45",
      "grid_center": "-28.385 -6.630 -13.310",
      "fld": "/app/files/molecules/falciparum/true/5boo_a_alostericopdb/5boo_A_alosterico.maps.fld",
      "ligantes": [
        {
          "ligand": "10466307.pdbqt",
          "best_binding_energy": -9.42,
          "best_reference_rmsd": 31.2,
          "best_run": 16,
          "xml": "/app/files/processes/eduardo-1/a2-eec9bf23-e448-46d4-bf41-79984f525c0d/arquivos_dlgs/10466307_5boo_A_alosterico.pdb.xml"
        },
        {
          "ligand": "161313.pdbqt",
          "best_binding_energy": -10.08,
          "best_reference_rmsd": 30.71,
          "best_run": 17,
          "xml": "/app/files/processes/eduardo-1/a2-eec9bf23-e448-46d4-bf41-79984f525c0d/arquivos_dlgs/161313_5boo_A_alosterico.pdb.xml"
        },
        {
          "ligand": "5280343.pdbqt",
          "best_binding_energy": -12.07,
          "best_reference_rmsd": 29.19,
          "best_run": 11,
          "xml": "/app/files/processes/eduardo-1/a2-eec9bf23-e448-46d4-bf41-79984f525c0d/arquivos_dlgs/5280343_5boo_A_alosterico.pdb.xml"
        },
        {
          "ligand": "5280863.pdbqt",
          "best_binding_energy": -11.45,
          "best_reference_rmsd": 29.54,
          "best_run": 16,
          "xml": "/app/files/processes/eduardo-1/a2-eec9bf23-e448-46d4-bf41-79984f525c0d/arquivos_dlgs/5280863_5boo_A_alosterico.pdb.xml"
        },
        {
          "ligand": "5281426.pdbqt",
          "best_binding_energy": -7.77,
          "best_reference_rmsd": 30.99,
          "best_run": 8,
          "xml": "/app/files/processes/eduardo-1/a2-eec9bf23-e448-46d4-bf41-79984f525c0d/arquivos_dlgs/5281426_5boo_A_alosterico.pdb.xml"
        }
      ],
      "ligantes_ok": 5
    },
    {
      "macromolecule_id": "4a4839ca-847e-4b83-bd6a-7dfed1c4af7a",
      "receptor_rec": "5boo_A_ativo.pdb",
      "receptor_nome": "5boo_A_ativo",
      "grid_size": "53 50 38",
      "grid_center": "-16.482 -7.432 -5.258",
      "fld": "/app/files/molecules/falciparum/true/5boo_a_ativopdb/5boo_A_ativo.maps.fld",
      "ligantes": [
        {
          "ligand": "10466307.pdbqt",
          "best_binding_energy": -4.24,
          "best_reference_rmsd": 16.58,
          "best_run": 3,
          "xml": "/app/files/processes/eduardo-1/a2-eec9bf23-e448-46d4-bf41-79984f525c0d/arquivos_dlgs/10466307_5boo_A_ativo.pdb.xml"
        },
        {
          "ligand": "161313.pdbqt",
          "best_binding_energy": 19.75,
          "best_reference_rmsd": 17.39,
          "best_run": 5,
          "xml": "/app/files/processes/eduardo-1/a2-eec9bf23-e448-46d4-bf41-79984f525c0d/arquivos_dlgs/161313_5boo_A_ativo.pdb.xml"
        },
        {
          "ligand": "5280343.pdbqt",
          "best_binding_energy": 39.88,
          "best_reference_rmsd": 14.18,
          "best_run": 20,
          "xml": "/app/files/processes/eduardo-1/a2-eec9bf23-e448-46d4-bf41-79984f525c0d/arquivos_dlgs/5280343_5boo_A_ativo.pdb.xml"
        },
        {
          "ligand": "5280863.pdbqt",
          "best_binding_energy": 33.2,
          "best_reference_rmsd": 14.18,
          "best_run": 1,
          "xml": "/app/files/processes/eduardo-1/a2-eec9bf23-e448-46d4-bf41-79984f525c0d/arquivos_dlgs/5280863_5boo_A_ativo.pdb.xml"
        },
        {
          "ligand": "5281426.pdbqt",
          "best_binding_energy": -6.49,
          "best_reference_rmsd": 17.3,
          "best_run": 11,
          "xml": "/app/files/processes/eduardo-1/a2-eec9bf23-e448-46d4-bf41-79984f525c0d/arquivos_dlgs/5281426_5boo_A_ativo.pdb.xml"
        }
      ],
      "ligantes_ok": 5
    },
    {
      "macromolecule_id": "0d5cb414-74c9-4f48-bb03-0692cf7ba8ec",
      "receptor_rec": "5jaz_A.pdb",
      "receptor_nome": "5jaz",
      "grid_size": "33 38 36",
      "grid_center": "1.088 13.459 18.841",
      "fld": "/app/files/molecules/falciparum/true/5jaz_apdb/5jaz_A.maps.fld",
      "ligantes": [
        {
          "ligand": "10466307.pdbqt",
          "best_binding_energy": -7.77,
          "best_reference_rmsd": 22.6,
          "best_run": 13,
          "xml": "/app/files/processes/eduardo-1/a2-eec9bf23-e448-46d4-bf41-79984f525c0d/arquivos_dlgs/10466307_5jaz_A.pdb.xml"
        },
        {
          "ligand": "161313.pdbqt",
          "best_binding_energy": -8.77,
          "best_reference_rmsd": 24.73,
          "best_run": 8,
          "xml": "/app/files/processes/eduardo-1/a2-eec9bf23-e448-46d4-bf41-79984f525c0d/arquivos_dlgs/161313_5jaz_A.pdb.xml"
        },
        {
          "ligand": "5280343.pdbqt",
          "best_binding_energy": -8.2,
          "best_reference_rmsd": 21.34,
          "best_run": 19,
          "xml": "/app/files/processes/eduardo-1/a2-eec9bf23-e448-46d4-bf41-79984f525c0d/arquivos_dlgs/5280343_5jaz_A.pdb.xml"
        },
        {
          "ligand": "5280863.pdbqt",
          "best_binding_energy": -8.52,
          "best_reference_rmsd": 21.68,
          "best_run": 17,
          "xml": "/app/files/processes/eduardo-1/a2-eec9bf23-e448-46d4-bf41-79984f525c0d/arquivos_dlgs/5280863_5jaz_A.pdb.xml"
        },
        {
          "ligand": "5281426.pdbqt",
          "best_binding_energy": -6.65,
          "best_reference_rmsd": 23.97,
          "best_run": 13,
          "xml": "/app/files/processes/eduardo-1/a2-eec9bf23-e448-46d4-bf41-79984f525c0d/arquivos_dlgs/5281426_5jaz_A.pdb.xml"
        }
      ],
      "ligantes_ok": 5
    },
    {
      "macromolecule_id": "0662e374-46de-413a-8910-e34935dbc25f",
      "receptor_rec": "6fba_ab.pdb",
      "receptor_nome": "6fba",
      "grid_size": "35 35 30",
      "grid_center": "64.164 57.897 -124.554",
      "fld": "/app/files/molecules/falciparum/true/6fba_abpdb",
      "ligantes": [],
      "error": "fld_error: Nenhum .maps.fld encontrado em /app/files/molecules/falciparum/true/6fba_abpdb"
    },
    {
      "macromolecule_id": "ee1adf19-2758-4c48-a991-87bb17094066",
      "receptor_rec": "6jw9_a.pdb",
      "receptor_nome": "6jw9",
      "grid_size": "38 37 39",
      "grid_center": "-10.737 14.556 -39.487",
      "fld": "/app/files/molecules/falciparum/true/6jw9_apdb/6jw9_a.maps.fld",
      "ligantes": [
        {
          "ligand": "10466307.pdbqt",
          "best_binding_energy": -8.65,
          "best_reference_rmsd": 43.29,
          "best_run": 6,
          "xml": "/app/files/processes/eduardo-1/a2-eec9bf23-e448-46d4-bf41-79984f525c0d/arquivos_dlgs/10466307_6jw9_a.pdb.xml"
        },
        {
          "ligand": "161313.pdbqt",
          "best_binding_energy": -7.06,
          "best_reference_rmsd": 43.16,
          "best_run": 1,
          "xml": "/app/files/processes/eduardo-1/a2-eec9bf23-e448-46d4-bf41-79984f525c0d/arquivos_dlgs/161313_6jw9_a.pdb.xml"
        },
        {
          "ligand": "5280343.pdbqt",
          "best_binding_energy": -9.67,
          "best_reference_rmsd": 43.03,
          "best_run": 4,
          "xml": "/app/files/processes/eduardo-1/a2-eec9bf23-e448-46d4-bf41-79984f525c0d/arquivos_dlgs/5280343_6jw9_a.pdb.xml"
        },
        {
          "ligand": "5280863.pdbqt",
          "best_binding_energy": -8.44,
          "best_reference_rmsd": 43.16,
          "best_run": 9,
          "xml": "/app/files/processes/eduardo-1/a2-eec9bf23-e448-46d4-bf41-79984f525c0d/arquivos_dlgs/5280863_6jw9_a.pdb.xml"
        },
        {
          "ligand": "5281426.pdbqt",
          "best_binding_energy": -6.42,
          "best_reference_rmsd": 42.59,
          "best_run": 16,
          "xml": "/app/files/processes/eduardo-1/a2-eec9bf23-e448-46d4-bf41-79984f525c0d/arquivos_dlgs/5281426_6jw9_a.pdb.xml"
        }
      ],
      "ligantes_ok": 5
    },
    {
      "macromolecule_id": "e642803d-f374-4732-a85a-828926c141b0",
      "receptor_rec": "6r8g_a.pdb",
      "receptor_nome": "6r8g",
      "grid_size": "27 33 40",
      "grid_center": "-1.185 55.352 -24.911",
      "fld": "/app/files/molecules/falciparum/true/6r8g_apdb/6r8g_a.maps.fld",
      "ligantes": [
        {
          "ligand": "10466307.pdbqt",
          "best_binding_energy": -9.23,
          "best_reference_rmsd": 58.41,
          "best_run": 10,
          "xml": "/app/files/processes/eduardo-1/a2-eec9bf23-e448-46d4-bf41-79984f525c0d/arquivos_dlgs/10466307_6r8g_a.pdb.xml"
        },
        {
          "ligand": "161313.pdbqt",
          "best_binding_energy": -9.08,
          "best_reference_rmsd": 61.78,
          "best_run": 12,
          "xml": "/app/files/processes/eduardo-1/a2-eec9bf23-e448-46d4-bf41-79984f525c0d/arquivos_dlgs/161313_6r8g_a.pdb.xml"
        },
        {
          "ligand": "5280343.pdbqt",
          "best_binding_energy": -10.8,
          "best_reference_rmsd": 59.62,
          "best_run": 19,
          "xml": "/app/files/processes/eduardo-1/a2-eec9bf23-e448-46d4-bf41-79984f525c0d/arquivos_dlgs/5280343_6r8g_a.pdb.xml"
        },
        {
          "ligand": "5280863.pdbqt",
          "best_binding_energy": -10.66,
          "best_reference_rmsd": 59.71,
          "best_run": 8,
          "xml": "/app/files/processes/eduardo-1/a2-eec9bf23-e448-46d4-bf41-79984f525c0d/arquivos_dlgs/5280863_6r8g_a.pdb.xml"
        },
        {
          "ligand": "5281426.pdbqt",
          "best_binding_energy": -7.64,
          "best_reference_rmsd": 60.59,
          "best_run": 20,
          "xml": "/app/files/processes/eduardo-1/a2-eec9bf23-e448-46d4-bf41-79984f525c0d/arquivos_dlgs/5281426_6r8g_a.pdb.xml"
        }
      ],
      "ligantes_ok": 5
    },
    {
      "macromolecule_id": "df9993ce-8a06-4716-96e2-ecdf136a4bf2",
      "receptor_rec": "7dia_A.pdb",
      "receptor_nome": "7dia",
      "grid_size": "38 36 34",
      "grid_center": "-53.571 -1.080 2.016",
      "fld": "/app/files/molecules/falciparum/true/7dia_apdb",
      "ligantes": [],
      "error": "fld_error: Nenhum .maps.fld encontrado em /app/files/molecules/falciparum/true/7dia_apdb"
    },
    {
      "macromolecule_id": "11a689a1-f390-4e0c-ab86-e1451e3c19a0",
      "receptor_rec": "7dpi_a.pdb",
      "receptor_nome": "7dpi",
      "grid_size": "44 37 47",
      "grid_center": "-7.828 -6.204 -26.576",
      "fld": "/app/files/molecules/falciparum/true/7dpi_apdb/7dpi_a.maps.fld",
      "ligantes": [
        {
          "ligand": "10466307.pdbqt",
          "best_binding_energy": -8.02,
          "best_reference_rmsd": 24.39,
          "best_run": 13,
          "xml": "/app/files/processes/eduardo-1/a2-eec9bf23-e448-46d4-bf41-79984f525c0d/arquivos_dlgs/10466307_7dpi_a.pdb.xml"
        },
        {
          "ligand": "161313.pdbqt",
          "best_binding_energy": -7.76,
          "best_reference_rmsd": 25.94,
          "best_run": 8,
          "xml": "/app/files/processes/eduardo-1/a2-eec9bf23-e448-46d4-bf41-79984f525c0d/arquivos_dlgs/161313_7dpi_a.pdb.xml"
        },
        {
          "ligand": "5280343.pdbqt",
          "best_binding_energy": -8.21,
          "best_reference_rmsd": 25.79,
          "best_run": 1,
          "xml": "/app/files/processes/eduardo-1/a2-eec9bf23-e448-46d4-bf41-79984f525c0d/arquivos_dlgs/5280343_7dpi_a.pdb.xml"
        },
        {
          "ligand": "5280863.pdbqt",
          "best_binding_energy": -8.11,
          "best_reference_rmsd": 25.62,
          "best_run": 15,
          "xml": "/app/files/processes/eduardo-1/a2-eec9bf23-e448-46d4-bf41-79984f525c0d/arquivos_dlgs/5280863_7dpi_a.pdb.xml"
        },
        {
          "ligand": "5281426.pdbqt",
          "best_binding_energy": -6.53,
          "best_reference_rmsd": 24.96,
          "best_run": 17,
          "xml": "/app/files/processes/eduardo-1/a2-eec9bf23-e448-46d4-bf41-79984f525c0d/arquivos_dlgs/5281426_7dpi_a.pdb.xml"
        }
      ],
      "ligantes_ok": 5
    },
    {
      "macromolecule_id": "2b4b3687-5df7-4bc6-ad5a-5c63cb0ec658",
      "receptor_rec": "7mxy_a.pdb",
      "receptor_nome": "7mxy",
      "grid_size": "41 30 30",
      "grid_center": "152.087 171.866 141.039",
      "fld": "/app/files/molecules/falciparum/true/7mxy_apdb/7mxy_a.maps.fld",
      "ligantes": [
        {
          "ligand": "10466307.pdbqt",
          "best_binding_energy": -9.74,
          "best_reference_rmsd": 265.26,
          "best_run": 6,
          "xml": "/app/files/processes/eduardo-1/a2-eec9bf23-e448-46d4-bf41-79984f525c0d/arquivos_dlgs/10466307_7mxy_a.pdb.xml"
        },
        {
          "ligand": "161313.pdbqt",
          "best_binding_energy": -9.71,
          "best_reference_rmsd": 267.66,
          "best_run": 2,
          "xml": "/app/files/processes/eduardo-1/a2-eec9bf23-e448-46d4-bf41-79984f525c0d/arquivos_dlgs/161313_7mxy_a.pdb.xml"
        },
        {
          "ligand": "5280343.pdbqt",
          "best_binding_energy": -10.83,
          "best_reference_rmsd": 267.38,
          "best_run": 2,
          "xml": "/app/files/processes/eduardo-1/a2-eec9bf23-e448-46d4-bf41-79984f525c0d/arquivos_dlgs/5280343_7mxy_a.pdb.xml"
        },
        {
          "ligand": "5280863.pdbqt",
          "best_binding_energy": -10.56,
          "best_reference_rmsd": 267.13,
          "best_run": 5,
          "xml": "/app/files/processes/eduardo-1/a2-eec9bf23-e448-46d4-bf41-79984f525c0d/arquivos_dlgs/5280863_7mxy_a.pdb.xml"
        },
        {
          "ligand": "5281426.pdbqt",
          "best_binding_energy": -7.6,
          "best_reference_rmsd": 267.53,
          "best_run": 4,
          "xml": "/app/files/processes/eduardo-1/a2-eec9bf23-e448-46d4-bf41-79984f525c0d/arquivos_dlgs/5281426_7mxy_a.pdb.xml"
        }
      ],
      "ligantes_ok": 5
    },
    {
      "macromolecule_id": "ffc672a7-6f67-4a46-ad4a-57b357bbed49",
      "receptor_rec": "7tbc_a.pdb",
      "receptor_nome": "7tbc",
      "grid_size": "36 30 33",
      "grid_center": "-44.410 32.366 7.350",
      "fld": "/app/files/molecules/falciparum/true/7tbc_apdb/7tbc_a.maps.fld",
      "ligantes": [
        {
          "ligand": "10466307.pdbqt",
          "best_binding_energy": -8.12,
          "best_reference_rmsd": 47.96,
          "best_run": 5,
          "xml": "/app/files/processes/eduardo-1/a2-eec9bf23-e448-46d4-bf41-79984f525c0d/arquivos_dlgs/10466307_7tbc_a.pdb.xml"
        },
        {
          "ligand": "161313.pdbqt",
          "best_binding_energy": -7.51,
          "best_reference_rmsd": 48.88,
          "best_run": 2,
          "xml": "/app/files/processes/eduardo-1/a2-eec9bf23-e448-46d4-bf41-79984f525c0d/arquivos_dlgs/161313_7tbc_a.pdb.xml"
        },
        {
          "ligand": "5280343.pdbqt",
          "best_binding_energy": -8.7,
          "best_reference_rmsd": 48.74,
          "best_run": 5,
          "xml": "/app/files/processes/eduardo-1/a2-eec9bf23-e448-46d4-bf41-79984f525c0d/arquivos_dlgs/5280343_7tbc_a.pdb.xml"
        },
        {
          "ligand": "5280863.pdbqt",
          "best_binding_energy": -8.6,
          "best_reference_rmsd": 48.79,
          "best_run": 6,
          "xml": "/app/files/processes/eduardo-1/a2-eec9bf23-e448-46d4-bf41-79984f525c0d/arquivos_dlgs/5280863_7tbc_a.pdb.xml"
        },
        {
          "ligand": "5281426.pdbqt",
          "best_binding_energy": -6.41,
          "best_reference_rmsd": 47.11,
          "best_run": 19,
          "xml": "/app/files/processes/eduardo-1/a2-eec9bf23-e448-46d4-bf41-79984f525c0d/arquivos_dlgs/5281426_7tbc_a.pdb.xml"
        }
      ],
      "ligantes_ok": 5
    },
    {
      "macromolecule_id": "96dc3c19-a7d0-4cf6-b155-be68517ee319",
      "receptor_rec": "7zgs_A.pdb",
      "receptor_nome": "7zgs",
      "grid_size": "30 40 30",
      "grid_center": "23.285 -0.536 5.861",
      "fld": "/app/files/molecules/falciparum/true/7zgs_apdb/7zgs_A.maps.fld",
      "ligantes": [
        {
          "ligand": "10466307.pdbqt",
          "best_binding_energy": -6.74,
          "best_reference_rmsd": 21.41,
          "best_run": 10,
          "xml": "/app/files/processes/eduardo-1/a2-eec9bf23-e448-46d4-bf41-79984f525c0d/arquivos_dlgs/10466307_7zgs_A.pdb.xml"
        },
        {
          "ligand": "161313.pdbqt",
          "best_binding_energy": -5.44,
          "best_reference_rmsd": 21.32,
          "best_run": 3,
          "xml": "/app/files/processes/eduardo-1/a2-eec9bf23-e448-46d4-bf41-79984f525c0d/arquivos_dlgs/161313_7zgs_A.pdb.xml"
        },
        {
          "ligand": "5280343.pdbqt",
          "best_binding_energy": -6.55,
          "best_reference_rmsd": 18.19,
          "best_run": 15,
          "xml": "/app/files/processes/eduardo-1/a2-eec9bf23-e448-46d4-bf41-79984f525c0d/arquivos_dlgs/5280343_7zgs_A.pdb.xml"
        },
        {
          "ligand": "5280863.pdbqt",
          "best_binding_energy": -7.08,
          "best_reference_rmsd": 18.76,
          "best_run": 19,
          "xml": "/app/files/processes/eduardo-1/a2-eec9bf23-e448-46d4-bf41-79984f525c0d/arquivos_dlgs/5280863_7zgs_A.pdb.xml"
        },
        {
          "ligand": "5281426.pdbqt",
          "best_binding_energy": -5.35,
          "best_reference_rmsd": 22.3,
          "best_run": 1,
          "xml": "/app/files/processes/eduardo-1/a2-eec9bf23-e448-46d4-bf41-79984f525c0d/arquivos_dlgs/5281426_7zgs_A.pdb.xml"
        }
      ],
      "ligantes_ok": 5
    },
    {
      "macromolecule_id": "902cec0e-d4d3-43ef-b956-b367925e2b4a",
      "receptor_rec": "8ewz_a.pdb",
      "receptor_nome": "8ewz",
      "grid_size": "42 31 34",
      "grid_center": "14.905 118.716 15.157",
      "fld": "/app/files/molecules/falciparum/true/8ewz_apdb/8ewz_a.maps.fld",
      "ligantes": [
        {
          "ligand": "10466307.pdbqt",
          "best_binding_energy": -8.13,
          "best_reference_rmsd": 119.25,
          "best_run": 6,
          "xml": "/app/files/processes/eduardo-1/a2-eec9bf23-e448-46d4-bf41-79984f525c0d/arquivos_dlgs/10466307_8ewz_a.pdb.xml"
        },
        {
          "ligand": "161313.pdbqt",
          "best_binding_energy": -9.38,
          "best_reference_rmsd": 121.15,
          "best_run": 11,
          "xml": "/app/files/processes/eduardo-1/a2-eec9bf23-e448-46d4-bf41-79984f525c0d/arquivos_dlgs/161313_8ewz_a.pdb.xml"
        },
        {
          "ligand": "5280343.pdbqt",
          "best_binding_energy": -10.79,
          "best_reference_rmsd": 120.89,
          "best_run": 19,
          "xml": "/app/files/processes/eduardo-1/a2-eec9bf23-e448-46d4-bf41-79984f525c0d/arquivos_dlgs/5280343_8ewz_a.pdb.xml"
        },
        {
          "ligand": "5280863.pdbqt",
          "best_binding_energy": -10.7,
          "best_reference_rmsd": 121.04,
          "best_run": 7,
          "xml": "/app/files/processes/eduardo-1/a2-eec9bf23-e448-46d4-bf41-79984f525c0d/arquivos_dlgs/5280863_8ewz_a.pdb.xml"
        },
        {
          "ligand": "5281426.pdbqt",
          "best_binding_energy": -7.06,
          "best_reference_rmsd": 120.75,
          "best_run": 12,
          "xml": "/app/files/processes/eduardo-1/a2-eec9bf23-e448-46d4-bf41-79984f525c0d/arquivos_dlgs/5281426_8ewz_a.pdb.xml"
        }
      ],
      "ligantes_ok": 5
    }
  ]
}